[
  {
    "행정동(개)": "86",
    "통(개)": "2,515",
    "반(개)": "11,971",
    "연도": "1995",
    "면 적(키로미터제곱)": "539.87",
    "법정동(개)": "177"
  },
  {
    "행정동(개)": "87",
    "통(개)": "2,593",
    "반(개)": "12,297",
    "연도": "1996",
    "면 적(키로미터제곱)": "539.89",
    "법정동(개)": "177"
  },
  {
    "행정동(개)": "87",
    "통(개)": "2,659",
    "반(개)": "12,575",
    "연도": "1997",
    "면 적(키로미터제곱)": "539.71",
    "법정동(개)": "178"
  },
  {
    "행정동(개)": "76",
    "통(개)": "2,581",
    "반(개)": "11,954",
    "연도": "1998",
    "면 적(키로미터제곱)": "539.79",
    "법정동(개)": "178"
  },
  {
    "행정동(개)": "76",
    "통(개)": "2,597",
    "반(개)": "12,091",
    "연도": "1999",
    "면 적(키로미터제곱)": "539.73",
    "법정동(개)": "178"
  },
  {
    "행정동(개)": "76",
    "통(개)": "2,666",
    "반(개)": "12,438",
    "연도": "2000",
    "면 적(키로미터제곱)": "539.83",
    "법정동(개)": "178"
  },
  {
    "행정동(개)": "76",
    "통(개)": "2,706",
    "반(개)": "12,704",
    "연도": "2001",
    "면 적(키로미터제곱)": "539.84",
    "법정동(개)": "178"
  },
  {
    "행정동(개)": "76",
    "통(개)": "2,735",
    "반(개)": "12,860",
    "연도": "2002",
    "면 적(키로미터제곱)": "539.71",
    "법정동(개)": "178"
  },
  {
    "행정동(개)": "79",
    "통(개)": "2,728",
    "반(개)": "13,021",
    "연도": "2003",
    "면 적(키로미터제곱)": "539.64",
    "법정동(개)": "178"
  },
  {
    "행정동(개)": "79",
    "통(개)": "2,722",
    "반(개)": "13,204",
    "연도": "2004",
    "면 적(키로미터제곱)": "539.59",
    "법정동(개)": "178"
  },
  {
    "행정동(개)": "80",
    "통(개)": "2,726",
    "반(개)": "13,502",
    "연도": "2005",
    "면 적(키로미터제곱)": "539.57",
    "법정동(개)": "178"
  },
  {
    "행정동(개)": "80",
    "통(개)": "2,791",
    "반(개)": "13,894",
    "연도": "2006",
    "면 적(키로미터제곱)": "539.79",
    "법정동(개)": "178"
  },
  {
    "행정동(개)": "81",
    "통(개)": "2,627",
    "반(개)": "13,674",
    "연도": "2007",
    "면 적(키로미터제곱)": "539.64",
    "법정동(개)": "178"
  },
  {
    "행정동(개)": "76",
    "통(개)": "2,343",
    "반(개)": "12,914",
    "연도": "2008",
    "면 적(키로미터제곱)": "539.84",
    "법정동(개)": "178"
  },
  {
    "행정동(개)": "76",
    "통(개)": "2,350",
    "반(개)": "12,971",
    "연도": "2009",
    "면 적(키로미터제곱)": "539.86",
    "법정동(개)": "177"
  },
  {
    "행정동(개)": "77",
    "통(개)": "2,373",
    "반(개)": "13,200",
    "연도": "2010",
    "면 적(키로미터제곱)": "539.9",
    "법정동(개)": "177"
  },
  {
    "행정동(개)": "77",
    "통(개)": "2,399",
    "반(개)": "13,415",
    "연도": "2011",
    "면 적(키로미터제곱)": "539.97",
    "법정동(개)": "177"
  },
  {
    "행정동(개)": "77",
    "통(개)": "2,415",
    "반(개)": "13,525",
    "연도": "2012",
    "면 적(키로미터제곱)": "540.25",
    "법정동(개)": "177"
  },
  {
    "행정동(개)": "78",
    "통(개)": "2,420",
    "반(개)": "13,568",
    "연도": "2013",
    "면 적(키로미터제곱)": "540.24",
    "법정동(개)": "177"
  },
  {
    "행정동(개)": "78",
    "통(개)": "2,439",
    "반(개)": "13,728",
    "연도": "2014",
    "면 적(키로미터제곱)": "540.22",
    "법정동(개)": "177"
  },
  {
    "행정동(개)": "79",
    "통(개)": "2,472",
    "반(개)": "13,913",
    "연도": "2015",
    "면 적(키로미터제곱)": "539.98",
    "법정동(개)": "177"
  },
  {
    "행정동(개)": "79",
    "통(개)": "2,501",
    "반(개)": "14,103",
    "연도": "2016",
    "면 적(키로미터제곱)": "539.34",
    "법정동(개)": "177"
  },
  {
    "행정동(개)": "79",
    "통(개)": "2,538",
    "반(개)": "14,308",
    "연도": "2017",
    "면 적(키로미터제곱)": "539.46",
    "법정동(개)": "177"
  },
  {
    "행정동(개)": "79",
    "통(개)": "2,580",
    "반(개)": "14,537",
    "연도": "2018",
    "면 적(키로미터제곱)": "539.53",
    "법정동(개)": "177"
  },
  {
    "행정동(개)": "79",
    "통(개)": "2,580",
    "반(개)": "14,537",
    "연도": "2019",
    "면 적(키로미터제곱)": "539.54",
    "법정동(개)": "177"
  },
  {
    "행정동(개)": "79",
    "통(개)": "2,587",
    "반(개)": "14,565",
    "연도": "2020",
    "면 적(키로미터제곱)": "542.66",
    "법정동(개)": "177"
  },
  {
    "행정동(개)": "16",
    "통(개)": "383",
    "반(개)": "2,060",
    "연도": "동  구",
    "면 적(키로미터제곱)": "136.68",
    "법정동(개)": "45"
  },
  {
    "행정동(개)": "17",
    "통(개)": "414",
    "반(개)": "2,372",
    "연도": "중  구",
    "면 적(키로미터제곱)": "62.18",
    "법정동(개)": "26"
  },
  {
    "행정동(개)": "23",
    "통(개)": "816",
    "반(개)": "4,832",
    "연도": "서  구",
    "면 적(키로미터제곱)": "95.5",
    "법정동(개)": "27"
  },
  {
    "행정동(개)": "11",
    "통(개)": "613",
    "반(개)": "3,405",
    "연도": "유성구",
    "면 적(키로미터제곱)": "179.61",
    "법정동(개)": "53"
  },
  {
    "행정동(개)": "12",
    "통(개)": "361",
    "반(개)": "1,896",
    "연도": "대덕구",
    "면 적(키로미터제곱)": "68.69",
    "법정동(개)": "26"
  }
]
